{
    "masterVolume": 0.800000011920929,
    "musicVolume": 0.800000011920929,
    "sfxVolume": 0.800000011920929
}